{
  "tickers": [
    "PPLT",
    "GLD",
    "SLV",
    "AAPL",
    "MSFT",
    "NVDA",
    "JPM",
    "XOM"
  ],
  "budget": 3,
  "risk_factor": 0.5,
  "metrics": {
    "Quantum-AI rebalanced": {
      "total_return": 2.4459315316149466,
      "ann_return": 0.3727862514533873,
      "ann_vol": 0.2511167274852293,
      "sharpe": 1.484513816290134,
      "max_drawdown": -0.24980753142374068
    },
    "Equal-weight buy & hold": {
      "total_return": 2.2117887776943705,
      "ann_return": 0.3482693586302763,
      "ann_vol": 0.18648348492026595,
      "sharpe": 1.8675614024436777,
      "max_drawdown": -0.16286230387741063
    }
  },
  "n_rebalances": 48
}