{
  "tickers": [
    "PPLT",
    "GLD",
    "SLV",
    "AAPL",
    "MSFT",
    "NVDA",
    "JPM",
    "XOM"
  ],
  "budget": 3,
  "risk_factor": 0.5,
  "metrics": {
    "Quantum-AI rebalanced": {
      "total_return": 2.6176740579900635,
      "ann_return": 0.39854757348020264,
      "ann_vol": 0.2506860161899368,
      "sharpe": 1.5898277037448945,
      "max_drawdown": -0.2498074549185727
    },
    "Equal-weight buy & hold": {
      "total_return": 2.5048618411652943,
      "ann_return": 0.3870370491797699,
      "ann_vol": 0.18376882375501274,
      "sharpe": 2.1061083227900483,
      "max_drawdown": -0.15647461343137636
    }
  },
  "n_rebalances": 47
}